CREATE DATABASE  IF NOT EXISTS `diemdanhsinhvien` /*!40100 DEFAULT CHARACTER SET utf8 */;
USE `diemdanhsinhvien`;
-- MySQL dump 10.13  Distrib 5.7.12, for Win64 (x86_64)
--
-- Host: 127.0.0.1    Database: diemdanhsinhvien
-- ------------------------------------------------------
-- Server version	5.7.17-log

/*!40101 SET @OLD_CHARACTER_SET_CLIENT=@@CHARACTER_SET_CLIENT */;
/*!40101 SET @OLD_CHARACTER_SET_RESULTS=@@CHARACTER_SET_RESULTS */;
/*!40101 SET @OLD_COLLATION_CONNECTION=@@COLLATION_CONNECTION */;
/*!40101 SET NAMES utf8 */;
/*!40103 SET @OLD_TIME_ZONE=@@TIME_ZONE */;
/*!40103 SET TIME_ZONE='+00:00' */;
/*!40014 SET @OLD_UNIQUE_CHECKS=@@UNIQUE_CHECKS, UNIQUE_CHECKS=0 */;
/*!40014 SET @OLD_FOREIGN_KEY_CHECKS=@@FOREIGN_KEY_CHECKS, FOREIGN_KEY_CHECKS=0 */;
/*!40101 SET @OLD_SQL_MODE=@@SQL_MODE, SQL_MODE='NO_AUTO_VALUE_ON_ZERO' */;
/*!40111 SET @OLD_SQL_NOTES=@@SQL_NOTES, SQL_NOTES=0 */;

--
-- Table structure for table `danhsachdiemdanh`
--

DROP TABLE IF EXISTS `danhsachdiemdanh`;
/*!40101 SET @saved_cs_client     = @@character_set_client */;
/*!40101 SET character_set_client = utf8 */;
CREATE TABLE `danhsachdiemdanh` (
  `madanhsach` char(25) NOT NULL,
  `diemdanh` char(15) NOT NULL,
  `mataikhoan` varchar(20) NOT NULL,
  `mamonhoc` varchar(20) NOT NULL,
  PRIMARY KEY (`madanhsach`)
) ENGINE=InnoDB DEFAULT CHARSET=utf8;
/*!40101 SET character_set_client = @saved_cs_client */;

--
-- Dumping data for table `danhsachdiemdanh`
--

LOCK TABLES `danhsachdiemdanh` WRITE;
/*!40000 ALTER TABLE `danhsachdiemdanh` DISABLE KEYS */;
INSERT INTO `danhsachdiemdanh` VALUES ('DSCTT121412548','010000010000000','1412548','CTT12'),('DSCTT121412557','000000000000000','1412557','CTT12'),('DSCTT121412563','000100000000000','1412563','CTT12'),('DSCTT121412582','100000000010000','1412582','CTT12'),('DSCTT121412593','010010000000000','1412593','CTT12'),('DSCTT121412594','000000000100000','1412594','CTT12'),('DSCTT121412600','000000000000000','1412600','CTT12'),('DSCTT121412601','111001000000000','1412601','CTT12'),('DSCTT121412604','000100000000000','1412604','CTT12'),('DSCTT121412619','011000000000000','1412619','CTT12'),('DSCTT121412623','000000000000000','1412623','CTT12'),('DSCTT141412548','000000000000000','1412548','CTT14'),('DSCTT141412557','000000000000000','1412557','CTT14'),('DSCTT141412563','000000000000000','1412563','CTT14'),('DSCTT141412582','000000000000000','1412582','CTT14'),('DSCTT141412593','000000000000000','1412593','CTT14'),('DSCTT141412594','000000000000000','1412594','CTT14'),('DSCTT141412600','000000000000000','1412600','CTT14'),('DSCTT141412601','000000000000000','1412601','CTT14'),('DSCTT141412623','000000000000000','1412623','CTT14'),('DSCVDX1412548','000000000000000','1412548','CVDX'),('DSCVDX1412557','000000000000000','1412557','CVDX'),('DSCVDX1412563','000000000000000','1412563','CVDX'),('DSCVDX1412582','111111000000000','1412582','CVDX'),('DSCVDX1412593','000000000000000','1412593','CVDX'),('DSCVDX1412594','000000000000000','1412594','CVDX'),('DSCVDX1412600','000000000000000','1412600','CVDX'),('DSCVDX1412601','000000000000000','1412601','CVDX'),('DSMDHC1412548','000000000000000','1412548','MDHC'),('DSMDHC1412557','000000000000000','1412557','MDHC'),('DSMDHC1412563','000000000000000','1412563','MDHC'),('DSMDHC1412582','101101100000000','1412582','MDHC'),('DSMDHC1412593','000000000000000','1412593','MDHC'),('DSMDHC1412594','000000000000000','1412594','MDHC'),('DSMDHC1412600','000000000000000','1412600','MDHC'),('DSMDHC1412601','000000000000000','1412601','MDHC'),('DSMDHC1412604','000000000000000','1412604','MDHC'),('DSMDHC1412619','000000000000000','1412619','MDHC'),('DSMH0031412582','011001010000000','1412582','MH003'),('DSMH0221412548','000000000000000','1412548','MH022'),('DSMH0221412557','000000000000000','1412557','MH022'),('DSMH0221412563','000000000000000','1412563','MH022'),('DSMH0221412593','000000000000000','1412593','MH022'),('DSMH0221412594','000000000000000','1412594','MH022'),('DSMH0221412600','000000000000000','1412600','MH022'),('DSMH0221412601','000000000000000','1412601','MH022'),('DSMH0221412604','000000000000000','1412604','MH022'),('DSMH0221412619','000000000000000','1412619','MH022'),('DSMHC091412548','000000000000000','1412548','MHC09'),('DSMHC091412557','000000000000000','1412557','MHC09'),('DSMHC091412563','000000000000000','1412563','MHC09'),('DSMHC091412582','000000000000000','1412582','MHC09'),('DSMHC091412593','000000000000000','1412593','MHC09'),('DSMHC091412594','000000000000000','1412594','MHC09'),('DSMHC091412600','000000000000000','1412600','MHC09'),('DSMHC091412601','000000000000000','1412601','MHC09'),('DSMHC091412604','000000000000000','1412604','MHC09'),('DSMHC091412619','000000000000000','1412619','MHC09');
/*!40000 ALTER TABLE `danhsachdiemdanh` ENABLE KEYS */;
UNLOCK TABLES;

--
-- Table structure for table `monhoc`
--

DROP TABLE IF EXISTS `monhoc`;
/*!40101 SET @saved_cs_client     = @@character_set_client */;
/*!40101 SET character_set_client = utf8 */;
CREATE TABLE `monhoc` (
  `mamonhoc` varchar(20) NOT NULL,
  `tenmonhoc` varchar(45) NOT NULL,
  `ngaybatdau` date NOT NULL,
  `ngayketthuc` date NOT NULL,
  `thutrongtuan` varchar(15) NOT NULL,
  `thoigianbatdau` time NOT NULL,
  `thoigianketthuc` time NOT NULL,
  `tenphonghoc` varchar(45) NOT NULL,
  PRIMARY KEY (`mamonhoc`)
) ENGINE=InnoDB DEFAULT CHARSET=utf8;
/*!40101 SET character_set_client = @saved_cs_client */;

--
-- Dumping data for table `monhoc`
--

LOCK TABLES `monhoc` WRITE;
/*!40000 ALTER TABLE `monhoc` DISABLE KEYS */;
INSERT INTO `monhoc` VALUES ('CTT12','Phân tích thiết kế','2017-02-01','2017-05-17','Thứ 4','15:20:00','17:30:00','E404'),('CTT14','Đường lối','2017-04-08','2017-07-22','Thứ 7','09:20:00','11:00:00','GD2'),('CVDX','Lập trình mạng','1907-09-08','1907-12-22','Chủ nhật','06:00:00','09:20:00','F201'),('MDHC','Lập trình hướng đối tượng','1907-09-10','1907-12-24','Thứ 3','06:00:00','08:00:00','E305'),('MH003','Lập trình ứng dụng java','2017-02-22','2017-06-07','Thứ 4','12:30:00','15:00:00','C403'),('MH01','Cơ sở dữ liệu','2017-08-04','2017-11-17','Thứ 6','06:30:00','09:00:00','F203'),('MH022','Lập trình Window2','2017-04-10','2017-07-24','Thứ 2','20:45:00','22:00:00','C403'),('MHC09','Lập trình ứng dụng web','2017-04-17','2017-07-31','Thứ 2','06:20:00','08:00:00','F203');
/*!40000 ALTER TABLE `monhoc` ENABLE KEYS */;
UNLOCK TABLES;

--
-- Table structure for table `taikhoan`
--

DROP TABLE IF EXISTS `taikhoan`;
/*!40101 SET @saved_cs_client     = @@character_set_client */;
/*!40101 SET character_set_client = utf8 */;
CREATE TABLE `taikhoan` (
  `mataikhoan` char(20) NOT NULL,
  `matkhau` char(50) NOT NULL,
  `tennguoidung` varchar(50) NOT NULL,
  `loai` tinyint(1) NOT NULL,
  PRIMARY KEY (`mataikhoan`)
) ENGINE=InnoDB DEFAULT CHARSET=utf8;
/*!40101 SET character_set_client = @saved_cs_client */;

--
-- Dumping data for table `taikhoan`
--

LOCK TABLES `taikhoan` WRITE;
/*!40000 ALTER TABLE `taikhoan` DISABLE KEYS */;
INSERT INTO `taikhoan` VALUES ('1412548','6c1b8a56483f17f16d72ebec9ed852fd6c1c5201','Nguyễn Đình Tiến',1),('1412557','a465e0d51866a83364eabb675e8767e2515375bc','Phạm Đức Toàn',1),('1412563','595af87d820dc958827b99bc378eab480473612c','Phan Như Trà',1),('1412582','7688d21c8598eb6f63aa6ea43acd2f44e9c19191','Nguyễn Văn Trọn',1),('1412593','a7a39f5d0d1fa65c76c619fb3a3bfa7f215dfe0a','Đỗ Thanh Trúc',1),('1412594','75fa83367c93df6b37ef01d12fa24599d7e5d0c1','Nguyễn Thanh Trúc',1),('1412600','d4cf09e78c649f4cb8c440bc4cc372a90d62c46e','Chu Nguyễn Anh Tuấn',1),('1412601','09d2c3cde44b56996fa969578063e1e8d373a592','Nguyễn Tuấn',1),('1412604','ebadc1df8b60d1cb675a99b2d7acb73dac0ae25d','Lữ Hoàng Phi Tuấn',1),('1412619','68dc7c8eda223065be39f30ff9e591528178570f','Lâm Tuấn Tú',1),('1412623','44c4c48642491d171586e3bf41a65b1f98b74fe0','Nguyễn Văn Thành',1),('GV001','641eccb223f6e8ed4af775a946d8d789ca14d1ec','GV001',0);
/*!40000 ALTER TABLE `taikhoan` ENABLE KEYS */;
UNLOCK TABLES;
/*!40103 SET TIME_ZONE=@OLD_TIME_ZONE */;

/*!40101 SET SQL_MODE=@OLD_SQL_MODE */;
/*!40014 SET FOREIGN_KEY_CHECKS=@OLD_FOREIGN_KEY_CHECKS */;
/*!40014 SET UNIQUE_CHECKS=@OLD_UNIQUE_CHECKS */;
/*!40101 SET CHARACTER_SET_CLIENT=@OLD_CHARACTER_SET_CLIENT */;
/*!40101 SET CHARACTER_SET_RESULTS=@OLD_CHARACTER_SET_RESULTS */;
/*!40101 SET COLLATION_CONNECTION=@OLD_COLLATION_CONNECTION */;
/*!40111 SET SQL_NOTES=@OLD_SQL_NOTES */;

-- Dump completed on 2017-04-12 20:46:24
